"Name : rk2810, Repo : ProjectPython, Week : 2017-06-25, Total Number of Commits : 32, Contributor : rk2810"
"
"
"Name : princeyadav05, Repo : Github-Tracker, Week : 2017-06-25, Total Number of Commits : 6, Contributor : rk2810"
"
"
"Name : princeyadav05, Repo : Github-Tracker, Week : 2017-06-25, Total Number of Commits : 9, Contributor : Princeyadav05"
"
"
"Name : shuttlesworthNEO, Repo : AV-MRIU, Week : 2017-06-25, Total Number of Commits : 1, Contributor : rk2810"
"
"
"Name : shuttlesworthNEO, Repo : AV-MRIU, Week : 2017-06-25, Total Number of Commits : 5, Contributor : shuttlesworthNEO"
"
"
"Name : princeyadav05, Repo : quizzer, Week : 2017-06-25, Total Number of Commits : 1, Contributor : Princeyadav05"
"
"
